Country Name,Country Code,2018
Aruba,ABW,
Africa Eastern and Southern,AFE,55.7709732
Afghanistan,AFG,70.69999695
Africa Western and Central,AFW,51.16813192
Angola,AGO,48.59999847
Albania,ALB,
Andorra,AND,
Arab World,ARB,31.0559253
United Arab Emirates,ARE,
Argentina,ARG,14.69999981
Armenia,ARM,9.300000191
American Samoa,ASM,
Antigua and Barbuda,ATG,
Australia,AUS,
Austria,AUT,
Azerbaijan,AZE,
Burundi,BDI,47.70000076
Belgium,BEL,
Benin,BEN,58.79999924
Burkina Faso,BFA,57.09999847
Bangladesh,BGD,47.20000076
Bulgaria,BGR,
Bahrain,BHR,
"Bahamas, The",BHS,
Bosnia and Herzegovina,BIH,7.599999905
Belarus,BLR,33.20000076
Belize,BLZ,5
Bermuda,BMU,
Bolivia,BOL,48.5
Brazil,BRA,16.29999924
Barbados,BRB,
Brunei Darussalam,BRN,
Bhutan,BTN,
Botswana,BWA,
Central African Republic,CAF,95.40000153
Canada,CAN,0.01
Central Europe and the Baltics,CEB,5.467512673
Switzerland,CHE,
Channel Islands,CHI,
Chile,CHL,8.800000191
China,CHN,24.60000038
Cote d'Ivoire,CIV,60.09999847
Cameroon,CMR,33.70000076
"Congo, Dem. Rep.",COD,77.5
"Congo, Rep.",COG,47.79999924
Colombia,COL,27.79999924
Comoros,COM,68.40000153
Cabo Verde,CPV,
Costa Rica,CRI,3.900000095
Caribbean small states,CSS,33.47822884
Cuba,CUB,6.599999905
Curacao,CUW,
Cayman Islands,CYM,
Cyprus,CYP,
Czech Republic,CZE,
Germany,DEU,0.01
Djibouti,DJI,64.5
Dominica,DMA,
Denmark,DNK,0.001
Dominican Republic,DOM,14.80000019
Algeria,DZA,
East Asia & Pacific (excluding high income),EAP,26.39512073
Early-demographic dividend,EAR,31.72318483
East Asia & Pacific,EAS,26.39512073
Europe & Central Asia (excluding high income),ECA,
Europe & Central Asia,ECS,
Ecuador,ECU,20.10000038
"Egypt, Arab Rep.",EGY,5.199999809
Euro area,EMU,
Eritrea,ERI,
Spain,ESP,5.5
Estonia,EST,
Ethiopia,ETH,64.30000305
European Union,EUU,
Fragile and conflict affected situations,FCS,58.39653562
Finland,FIN,
Fiji,FJI,11.19999981
France,FRA,
Faroe Islands,FRO,
"Micronesia, Fed. Sts.",FSM,
Gabon,GAB,36.59999847
United Kingdom,GBR,
Georgia,GEO,34.09999847
Ghana,GHA,30.39999962
Gibraltar,GIB,
Guinea,GIN,50.09999847
"Gambia, The",GMB,27.10000038
Guinea-Bissau,GNB,74.40000153
Equatorial Guinea,GNQ,64.90000153
Greece,GRC,3
Grenada,GRD,6
Greenland,GRL,
Guatemala,GTM,31
Guam,GUM,
Guyana,GUY,31.10000038
High income,HIC,
"Hong Kong SAR, China",HKG,
Honduras,HND,38.59999847
Heavily indebted poor countries (HIPC),HPC,58.47953448
Croatia,HRV,
Haiti,HTI,65.90000153
Hungary,HUN,13.60000038
IBRD only,IBD,25.57450895
IDA & IBRD total,IBT,30.9804534
IDA total,IDA,52.87480395
IDA blend,IDB,46.77450243
Indonesia,IDN,30.60000038
IDA only,IDX,56.67777554
Isle of Man,IMN,
India,IND,35.20000076
Not classified,INX,
Ireland,IRL,
"Iran, Islamic Rep.",IRN,25.29999924
Iraq,IRQ,45.70000076
Iceland,ISL,
Israel,ISR,
Italy,ITA,
Jamaica,JAM,57.09999847
Jordan,JOR,23.39999962
Japan,JPN,
Kazakhstan,KAZ,
Kenya,KEN,46.5
Kyrgyz Republic,KGZ,9.699999809
Cambodia,KHM,45.09999847
Kiribati,KIR,
St. Kitts and Nevis,KNA,
"Korea, Rep.",KOR,
Kuwait,KWT,
Latin America & Caribbean (excluding high income),LAC,19.91326725
Lao PDR,LAO,21.10000038
Lebanon,LBN,61.09999847
Liberia,LBR,70.30000305
Libya,LBY,
St. Lucia,LCA,11.19999981
Latin America & Caribbean,LCN,20.75693371
Least developed countries: UN classification,LDC,58.88420211
Low income,LIC,66.29930096
Liechtenstein,LIE,
Sri Lanka,LKA,
Lower middle income,LMC,35.81426947
Low & middle income,LMY,31.23917557
Lesotho,LSO,53.59999847
Late-demographic dividend,LTE,22.0709942
Lithuania,LTU,
Luxembourg,LUX,
Latvia,LVA,
"Macao SAR, China",MAC,
St. Martin (French part),MAF,
Morocco,MAR,9.199999809
Monaco,MCO,
Moldova,MDA,59.20000076
Madagascar,MDG,61.20000076
Maldives,MDV,30.10000038
Middle East & North Africa,MEA,24.07243931
Mexico,MEX,16
Marshall Islands,MHL,
Middle income,MIC,28.75149257
North Macedonia,MKD,8.300000191
Mali,MLI,47.20000076
Malta,MLT,
Myanmar,MMR,56.09999847
Middle East & North Africa (excluding high income),MNA,25.20530372
Montenegro,MNE,27.10000038
Mongolia,MNG,38.29999924
Northern Mariana Islands,MNP,
Mozambique,MOZ,77.19999695
Mauritania,MRT,73.19999695
Mauritius,MUS,
Malawi,MWI,65.09999847
Malaysia,MYS,
North America,NAC,
Namibia,NAM,42.29999924
New Caledonia,NCL,
Niger,NER,58.79999924
Nigeria,NGA,53.90000153
Nicaragua,NIC,42.20000076
Netherlands,NLD,
Norway,NOR,0.001
Nepal,NPL,49.29999924
Nauru,NRU,
New Zealand,NZL,
OECD members,OED,
Oman,OMN,
Other small states,OSS,
Pakistan,PAK,40.09999847
Panama,PAN,22.10000038
Peru,PER,33.09999847
Philippines,PHL,42.90000153
Palau,PLW,
Papua New Guinea,PNG,
Poland,POL,0.01
Pre-demographic dividend,PRE,57.10237189
Puerto Rico,PRI,
"Korea, Dem. People's Rep.",PRK,
Portugal,PRT,3.599999905
Paraguay,PRY,17.10000038
West Bank and Gaza,PSE,
Pacific island small states,PSS,
Post-demographic dividend,PST,
French Polynesia,PYF,
Qatar,QAT,
Romania,ROU,12.10000038
Russian Federation,RUS,
Rwanda,RWA,42.09999847
South Asia,SAS,37.65609474
Saudi Arabia,SAU,16.20000076
Sudan,SDN,88.40000153
Senegal,SEN,29.5
Singapore,SGP,
Solomon Islands,SLB,
Sierra Leone,SLE,59.09999847
El Salvador,SLV,22.39999962
San Marino,SMR,
Somalia,SOM,72.09999847
Serbia,SRB,3.599999905
Sub-Saharan Africa (excluding high income),SSA,53.59901183
South Sudan,SSD,91.40000153
Sub-Saharan Africa,SSF,53.59901183
Small states,SST,
Sao Tome and Principe,STP,85.69999695
Suriname,SUR,5.900000095
Slovak Republic,SVK,
Slovenia,SVN,3.700000048
Sweden,SWE,0.001
Eswatini,SWZ,32.09999847
Sint Maarten (Dutch part),SXM,
Seychelles,SYC,
Syrian Arab Republic,SYR,37.90000153
Turks and Caicos Islands,TCA,
Chad,TCD,86.90000153
East Asia & Pacific (IDA & IBRD countries),TEA,26.39512073
Europe & Central Asia (IDA & IBRD countries),TEC,
Togo,TGO,54.29999924
Thailand,THA,23.70000076
Tajikistan,TJK,26
Turkmenistan,TKM,
Latin America & the Caribbean (IDA & IBRD countries),TLA,21.0040717
Timor-Leste,TLS,33.40000153
Middle East & North Africa (IDA & IBRD countries),TMN,25.20530372
Tonga,TON,
South Asia (IDA & IBRD),TSA,37.65609474
Sub-Saharan Africa (IDA & IBRD countries),TSS,53.59901183
Trinidad and Tobago,TTO,5.400000095
Tunisia,TUN,8.199999809
Turkiye,TUR,8.600000381
Tuvalu,TUV,
Tanzania,TZA,40.09999847
Uganda,UGA,48.29999924
Ukraine,UKR,19
Upper middle income,UMC,22.46067609
Uruguay,URY,
United States,USA,
Uzbekistan,UZB,52.20000076
St. Vincent and the Grenadines,VCT,
"Venezuela, RB",VEN,44.09999847
British Virgin Islands,VGB,
Virgin Islands (U.S.),VIR,
Vietnam,VNM,13.80000019
Vanuatu,VUT,
World,WLD,29.23613599
Samoa,WSM,
Kosovo,XKX,
"Yemen, Rep.",YEM,66.19999695
South Africa,ZAF,25.60000038
Zambia,ZMB,54.59999847
Zimbabwe,ZWE,33.5
